subject,run_uuid,fmriprep_version,detected_execution_environment,output_spaces,bold2anat_dof,use_bbr,dummy_scans,run_reconall,master_seed,bids_layout,source_uri
sub-01,20251016-031503_a88ccf5d-2745-4a79-84d6-ccff2ecc1f0e,24.1.0,singularity,MNI152NLin2009cAsym:res-2 anat,9,True,0,False,23,BIDS Layout: .../data | Subjects: 1 | Sessions: 0 | Runs: 6,s3://ds004323-derivatives/fmriprep/sub-01/log/20251016-031503_a88ccf5d-2745-4a79-84d6-ccff2ecc1f0e/fmriprep.toml
sub-02,20251013-115753_1063aa20-2618-4bed-b91b-0d9edbcc9948,24.1.0,singularity,MNI152NLin2009cAsym:res-2 anat,6,True,0,False,23,BIDS Layout: .../data | Subjects: 1 | Sessions: 0 | Runs: 6,s3://ds004323-derivatives/fmriprep/sub-02/log/20251013-115753_1063aa20-2618-4bed-b91b-0d9edbcc9948/fmriprep.toml
sub-02,20251013-130025_43dbd02f-3df5-4d27-bc78-3e3431cc315e,24.1.0,singularity,MNI152NLin2009cAsym:res-2 anat,9,True,0,False,23,BIDS Layout: .../data | Subjects: 1 | Sessions: 0 | Runs: 6,s3://ds004323-derivatives/fmriprep/sub-02/log/20251013-130025_43dbd02f-3df5-4d27-bc78-3e3431cc315e/fmriprep.toml
sub-02,20251016-031440_58a9045a-ca36-4eb3-8b6f-ee47ee6b2371,24.1.0,singularity,MNI152NLin2009cAsym:res-2 anat,9,True,0,False,23,BIDS Layout: .../data | Subjects: 1 | Sessions: 0 | Runs: 6,s3://ds004323-derivatives/fmriprep/sub-02/log/20251016-031440_58a9045a-ca36-4eb3-8b6f-ee47ee6b2371/fmriprep.toml
sub-02,20251016-040036_3c480aa1-475e-40ba-b565-2482590d2567,24.1.0,singularity,MNI152NLin2009cAsym:res-2 anat,9,True,0,False,23,BIDS Layout: .../data | Subjects: 1 | Sessions: 0 | Runs: 6,s3://ds004323-derivatives/fmriprep/sub-02/log/20251016-040036_3c480aa1-475e-40ba-b565-2482590d2567/fmriprep.toml
sub-03,20251013-141800_d758674a-1555-4816-b4d7-01d258928e44,24.1.0,singularity,MNI152NLin2009cAsym:res-2 anat,9,True,0,False,23,BIDS Layout: .../data | Subjects: 1 | Sessions: 0 | Runs: 6,s3://ds004323-derivatives/fmriprep/sub-03/log/20251013-141800_d758674a-1555-4816-b4d7-01d258928e44/fmriprep.toml
sub-03,20251016-044409_d315e469-1795-4a87-ad01-5b73d5220b0a,24.1.0,singularity,MNI152NLin2009cAsym:res-2 anat,9,True,0,False,23,BIDS Layout: .../data | Subjects: 1 | Sessions: 0 | Runs: 6,s3://ds004323-derivatives/fmriprep/sub-03/log/20251016-044409_d315e469-1795-4a87-ad01-5b73d5220b0a/fmriprep.toml
sub-04,20251013-230703_9cedf69e-7930-438f-9e98-b9d2d21d4eff,24.1.0,singularity,MNI152NLin2009cAsym:res-2 anat,9,True,0,False,23,BIDS Layout: .../data | Subjects: 1 | Sessions: 0 | Runs: 6,s3://ds004323-derivatives/fmriprep/sub-04/log/20251013-230703_9cedf69e-7930-438f-9e98-b9d2d21d4eff/fmriprep.toml
sub-04,20251013-235401_25ce8533-0da5-4076-9fe0-417e426d9b1c,24.1.0,singularity,MNI152NLin2009cAsym:res-2 anat,9,True,0,False,23,BIDS Layout: .../data | Subjects: 1 | Sessions: 0 | Runs: 6,s3://ds004323-derivatives/fmriprep/sub-04/log/20251013-235401_25ce8533-0da5-4076-9fe0-417e426d9b1c/fmriprep.toml
sub-04,20251016-052737_7d9a3946-baa8-470e-816f-84beae2044d8,24.1.0,singularity,MNI152NLin2009cAsym:res-2 anat,9,True,0,False,23,BIDS Layout: .../data | Subjects: 1 | Sessions: 0 | Runs: 6,s3://ds004323-derivatives/fmriprep/sub-04/log/20251016-052737_7d9a3946-baa8-470e-816f-84beae2044d8/fmriprep.toml
sub-05,20251016-061125_a94f377b-629f-4121-bde3-182fa616e6c6,24.1.0,singularity,MNI152NLin2009cAsym:res-2 anat,9,True,0,False,23,BIDS Layout: .../data | Subjects: 1 | Sessions: 0 | Runs: 6,s3://ds004323-derivatives/fmriprep/sub-05/log/20251016-061125_a94f377b-629f-4121-bde3-182fa616e6c6/fmriprep.toml
sub-06,20251016-065455_cd648861-5390-4bf1-88bf-1a2e9d9cf710,24.1.0,singularity,MNI152NLin2009cAsym:res-2 anat,9,True,0,False,23,BIDS Layout: .../data | Subjects: 1 | Sessions: 0 | Runs: 6,s3://ds004323-derivatives/fmriprep/sub-06/log/20251016-065455_cd648861-5390-4bf1-88bf-1a2e9d9cf710/fmriprep.toml
sub-07,20251016-073805_e10f46d9-a699-4bf1-8186-95971707ccab,24.1.0,singularity,MNI152NLin2009cAsym:res-2 anat,9,True,0,False,23,BIDS Layout: .../data | Subjects: 1 | Sessions: 0 | Runs: 6,s3://ds004323-derivatives/fmriprep/sub-07/log/20251016-073805_e10f46d9-a699-4bf1-8186-95971707ccab/fmriprep.toml
sub-08,20251016-082109_0f1cda03-9a8d-4939-9d52-060742edfce6,24.1.0,singularity,MNI152NLin2009cAsym:res-2 anat,9,True,0,False,23,BIDS Layout: .../data | Subjects: 1 | Sessions: 0 | Runs: 6,s3://ds004323-derivatives/fmriprep/sub-08/log/20251016-082109_0f1cda03-9a8d-4939-9d52-060742edfce6/fmriprep.toml
sub-09,20251016-090543_cc62f353-5cf2-417d-bc7e-cb26968700cd,24.1.0,singularity,MNI152NLin2009cAsym:res-2 anat,9,True,0,False,23,BIDS Layout: .../data | Subjects: 1 | Sessions: 0 | Runs: 5,s3://ds004323-derivatives/fmriprep/sub-09/log/20251016-090543_cc62f353-5cf2-417d-bc7e-cb26968700cd/fmriprep.toml
sub-10,20251016-095007_c9bee266-e298-405d-9e6d-252703929785,24.1.0,singularity,MNI152NLin2009cAsym:res-2 anat,9,True,0,False,23,BIDS Layout: .../data | Subjects: 1 | Sessions: 0 | Runs: 6,s3://ds004323-derivatives/fmriprep/sub-10/log/20251016-095007_c9bee266-e298-405d-9e6d-252703929785/fmriprep.toml
sub-11,20251016-103552_34352d53-a3a4-424f-990e-5a77b3b47e28,24.1.0,singularity,MNI152NLin2009cAsym:res-2 anat,9,True,0,False,23,BIDS Layout: .../data | Subjects: 1 | Sessions: 0 | Runs: 6,s3://ds004323-derivatives/fmriprep/sub-11/log/20251016-103552_34352d53-a3a4-424f-990e-5a77b3b47e28/fmriprep.toml
sub-12,20251016-132826_ccb36fdb-6e63-4f51-b924-8189a8939b20,24.1.0,singularity,MNI152NLin2009cAsym:res-2 anat,9,True,0,False,23,BIDS Layout: .../data | Subjects: 1 | Sessions: 0 | Runs: 6,s3://ds004323-derivatives/fmriprep/sub-12/log/20251016-132826_ccb36fdb-6e63-4f51-b924-8189a8939b20/fmriprep.toml
sub-13,20251016-142424_6eadd865-08c7-4312-872e-edf3c6059dd8,24.1.0,singularity,MNI152NLin2009cAsym:res-2 anat,9,True,0,False,23,BIDS Layout: .../data | Subjects: 1 | Sessions: 0 | Runs: 6,s3://ds004323-derivatives/fmriprep/sub-13/log/20251016-142424_6eadd865-08c7-4312-872e-edf3c6059dd8/fmriprep.toml
sub-14,20251016-151201_a179192b-31ff-486a-b25e-c7c10cc9965a,24.1.0,singularity,MNI152NLin2009cAsym:res-2 anat,9,True,0,False,23,BIDS Layout: .../data | Subjects: 1 | Sessions: 0 | Runs: 6,s3://ds004323-derivatives/fmriprep/sub-14/log/20251016-151201_a179192b-31ff-486a-b25e-c7c10cc9965a/fmriprep.toml
sub-15,20251016-155633_20222da1-5483-4d55-9360-5d75e4bdeb28,24.1.0,singularity,MNI152NLin2009cAsym:res-2 anat,9,True,0,False,23,BIDS Layout: .../data | Subjects: 1 | Sessions: 0 | Runs: 6,s3://ds004323-derivatives/fmriprep/sub-15/log/20251016-155633_20222da1-5483-4d55-9360-5d75e4bdeb28/fmriprep.toml
sub-16,20251016-175127_ee8e7e8e-4068-4813-b642-d8a4865e0769,24.1.0,singularity,MNI152NLin2009cAsym:res-2 anat,9,True,0,False,23,BIDS Layout: .../data | Subjects: 1 | Sessions: 0 | Runs: 6,s3://ds004323-derivatives/fmriprep/sub-16/log/20251016-175127_ee8e7e8e-4068-4813-b642-d8a4865e0769/fmriprep.toml
sub-17,20251016-183505_51586c8d-f1ce-4982-b7a4-6ff51c43776d,24.1.0,singularity,MNI152NLin2009cAsym:res-2 anat,9,True,0,False,23,BIDS Layout: .../data | Subjects: 1 | Sessions: 0 | Runs: 6,s3://ds004323-derivatives/fmriprep/sub-17/log/20251016-183505_51586c8d-f1ce-4982-b7a4-6ff51c43776d/fmriprep.toml
sub-18,20251016-191816_19b10aba-cca4-4336-b132-58e957292169,24.1.0,singularity,MNI152NLin2009cAsym:res-2 anat,9,True,0,False,23,BIDS Layout: .../data | Subjects: 1 | Sessions: 0 | Runs: 6,s3://ds004323-derivatives/fmriprep/sub-18/log/20251016-191816_19b10aba-cca4-4336-b132-58e957292169/fmriprep.toml
sub-19,20251016-200218_1660c83a-49a6-4d77-b5d3-9748dccc5021,24.1.0,singularity,MNI152NLin2009cAsym:res-2 anat,9,True,0,False,23,BIDS Layout: .../data | Subjects: 1 | Sessions: 0 | Runs: 6,s3://ds004323-derivatives/fmriprep/sub-19/log/20251016-200218_1660c83a-49a6-4d77-b5d3-9748dccc5021/fmriprep.toml
sub-20,20251016-204606_16cc5b4f-4607-4901-a20c-5aead770ecaf,24.1.0,singularity,MNI152NLin2009cAsym:res-2 anat,9,True,0,False,23,BIDS Layout: .../data | Subjects: 1 | Sessions: 0 | Runs: 6,s3://ds004323-derivatives/fmriprep/sub-20/log/20251016-204606_16cc5b4f-4607-4901-a20c-5aead770ecaf/fmriprep.toml
sub-21,20251016-212957_87e636d2-f624-424c-839d-18fbe9971469,24.1.0,singularity,MNI152NLin2009cAsym:res-2 anat,9,True,0,False,23,BIDS Layout: .../data | Subjects: 1 | Sessions: 0 | Runs: 6,s3://ds004323-derivatives/fmriprep/sub-21/log/20251016-212957_87e636d2-f624-424c-839d-18fbe9971469/fmriprep.toml
sub-22,20251028-113831_0abb2228-906b-48c1-b046-a94b9e50d34c,24.1.0,singularity,MNI152NLin2009cAsym:res-2 anat,9,True,0,False,23,BIDS Layout: .../data | Subjects: 1 | Sessions: 0 | Runs: 6,s3://ds004323-derivatives/fmriprep/sub-22/log/20251028-113831_0abb2228-906b-48c1-b046-a94b9e50d34c/fmriprep.toml
sub-23,20251016-221408_abd4eab4-0b4d-4652-9083-887244be463a,24.1.0,singularity,MNI152NLin2009cAsym:res-2 anat,9,True,0,False,23,BIDS Layout: .../data | Subjects: 1 | Sessions: 0 | Runs: 6,s3://ds004323-derivatives/fmriprep/sub-23/log/20251016-221408_abd4eab4-0b4d-4652-9083-887244be463a/fmriprep.toml
sub-24,20251016-225803_101278e1-49bc-4c01-9277-4472dd573d6d,24.1.0,singularity,MNI152NLin2009cAsym:res-2 anat,9,True,0,False,23,BIDS Layout: .../data | Subjects: 1 | Sessions: 0 | Runs: 6,s3://ds004323-derivatives/fmriprep/sub-24/log/20251016-225803_101278e1-49bc-4c01-9277-4472dd573d6d/fmriprep.toml
sub-25,20251016-234348_405ba450-54ac-4c1e-9c5e-92c6e62a0322,24.1.0,singularity,MNI152NLin2009cAsym:res-2 anat,9,True,0,False,23,BIDS Layout: .../data | Subjects: 1 | Sessions: 0 | Runs: 6,s3://ds004323-derivatives/fmriprep/sub-25/log/20251016-234348_405ba450-54ac-4c1e-9c5e-92c6e62a0322/fmriprep.toml
sub-26,20251017-002805_1d4746ff-e41b-4e07-b9be-825bf3e1cd60,24.1.0,singularity,MNI152NLin2009cAsym:res-2 anat,9,True,0,False,23,BIDS Layout: .../data | Subjects: 1 | Sessions: 0 | Runs: 6,s3://ds004323-derivatives/fmriprep/sub-26/log/20251017-002805_1d4746ff-e41b-4e07-b9be-825bf3e1cd60/fmriprep.toml
sub-27,20251017-011229_a1a1efd6-9df7-4f33-8ba6-bc2109eee5ea,24.1.0,singularity,MNI152NLin2009cAsym:res-2 anat,9,True,0,False,23,BIDS Layout: .../data | Subjects: 1 | Sessions: 0 | Runs: 6,s3://ds004323-derivatives/fmriprep/sub-27/log/20251017-011229_a1a1efd6-9df7-4f33-8ba6-bc2109eee5ea/fmriprep.toml
sub-28,20251017-015625_1e16f5a7-180a-4ed3-9752-7b0872bedcee,24.1.0,singularity,MNI152NLin2009cAsym:res-2 anat,9,True,0,False,23,BIDS Layout: .../data | Subjects: 1 | Sessions: 0 | Runs: 6,s3://ds004323-derivatives/fmriprep/sub-28/log/20251017-015625_1e16f5a7-180a-4ed3-9752-7b0872bedcee/fmriprep.toml
sub-29,20251017-024052_c43dc868-0231-4e29-9054-a52356824750,24.1.0,singularity,MNI152NLin2009cAsym:res-2 anat,9,True,0,False,23,BIDS Layout: .../data | Subjects: 1 | Sessions: 0 | Runs: 6,s3://ds004323-derivatives/fmriprep/sub-29/log/20251017-024052_c43dc868-0231-4e29-9054-a52356824750/fmriprep.toml
sub-30,20251017-032531_9747b771-02cc-4fbf-9513-edf3133bec35,24.1.0,singularity,MNI152NLin2009cAsym:res-2 anat,9,True,0,False,23,BIDS Layout: .../data | Subjects: 1 | Sessions: 0 | Runs: 6,s3://ds004323-derivatives/fmriprep/sub-30/log/20251017-032531_9747b771-02cc-4fbf-9513-edf3133bec35/fmriprep.toml
sub-31,20251017-040828_beb57d27-5478-4de8-b23d-4bc828ffad3b,24.1.0,singularity,MNI152NLin2009cAsym:res-2 anat,9,True,0,False,23,BIDS Layout: .../data | Subjects: 1 | Sessions: 0 | Runs: 6,s3://ds004323-derivatives/fmriprep/sub-31/log/20251017-040828_beb57d27-5478-4de8-b23d-4bc828ffad3b/fmriprep.toml
sub-32,20251017-045221_5442c93d-077e-47e7-bab0-3d986e665cfd,24.1.0,singularity,MNI152NLin2009cAsym:res-2 anat,9,True,0,False,23,BIDS Layout: .../data | Subjects: 1 | Sessions: 0 | Runs: 6,s3://ds004323-derivatives/fmriprep/sub-32/log/20251017-045221_5442c93d-077e-47e7-bab0-3d986e665cfd/fmriprep.toml
